date,center_letter,outer_letters,words
2026-09-08,F,ADERST,DRAFT DRAFTED DRAFTEDED DRAFTEDER DRAFTEDERS DRAFTEDES DRAFTEDS DRAFTEE DRAFTEEED DRAFTEEER DRAFTEEERS DRAFTEEES DRAFTEES DRAFTEESED DRAFTEESER DRAFTEESERS DRAFTEESES DRAFTEESS DRAFTER DRAFTERED DRAFTERER DRAFTERERS DRAFTERES DRAFTERS DRAFTERSED DRAFTERSER DRAFTERSERS DRAFTERSES DRAFTERSS DRAFTES DRAFTS DRAFTSED DRAFTSER DRAFTSERS DRAFTSES DRAFTSS REDRAFT REDRAFTED REDRAFTER REDRAFTERS REDRAFTES REDRAFTS REDRAFTSED REDRAFTSER REDRAFTSERS REDRAFTSES REDRAFTSS
2026-09-09,T,DEFORS,DEFROST DEFROSTED DEFROSTER DEFROSTERS DEFROSTES DEFROSTS DEFROSTSED DEFROSTSER DEFROSTSERS DEFROSTSES DEFROSTSS FROST FROSTED FROSTEDED FROSTEDER FROSTEDERS FROSTEDES FROSTEDS FROSTEDSED FROSTEDSER FROSTEDSERS FROSTEDSES FROSTEDSS FROSTER FROSTERS FROSTES FROSTS FROSTSED FROSTSER FROSTSERS FROSTSES FROSTSS
2026-09-10,D,AEGRSU,AGARED AGED AGEDED AGEDER AGEDERS AGEDES AGEDS DESUGAR DESUGARED DESUGARER DESUGARERS DESUGARES DESUGARS DESUGARSED DESUGARSER DESUGARSERS DESUGARSES DESUGARSS SAGEED SUGARED SUGAREDED SUGAREDER SUGAREDERS SUGAREDES SUGAREDS SUGARERED SUGARERSED SUGARSED
2026-09-11,R,EILQSU,LIQUEUR LIQUEURER LIQUEURERS LIQUEURES LIQUEURS LIQUEURSER LIQUEURSERS LIQUEURSES LIQUEURSS RELIQUE RELIQUEER RELIQUEERS RELIQUEES RELIQUES RELIQUESER RELIQUESERS RELIQUESES RELIQUESS SILIQUEER SILIQUEERS SILIQUESER SILIQUESERS
2026-09-12,O,EHLRST,HOST HOSTEL HOSTELER HOSTELERER HOSTELERERS HOSTELERES HOSTELERS HOSTELES HOSTELS HOSTELSER HOSTELSERS HOSTELSES HOSTELSS HOSTER HOSTERS HOSTES HOSTESS HOSTESSER HOSTESSERS HOSTESSES HOSTESSS HOSTLER HOSTLERER HOSTLERERS HOSTLERES HOSTLERS HOSTLERSER HOSTLERSERS HOSTLERSES HOSTLERSS HOSTS HOSTSER HOSTSERS HOSTSES HOSTSS OLEO OLEOER OLEOERS OLEOES OLEOS ROLL ROLLER ROLLERS ROLLES ROLLS
2026-09-13,O,ABENRS,BARON BARONER BARONERS BARONES BARONESS BARONESSER BARONESSERS BARONESSES BARONESSS BARONNE BARONNEER BARONNEERS BARONNEES BARONNES BARONNESER BARONNESERS BARONNESES BARONNESS BARONS BARONSER BARONSERS BARONSES BARONSS NOSE NOSEER NOSEERS NOSEES NOSES
2026-09-14,F,EHORST,FROST FROSTER FROSTERS FROSTES FROSTS FROSTSER FROSTSERS FROSTSES FROSTSS FROTH FROTHER FROTHERER FROTHERERS FROTHERES FROTHERS FROTHERSER FROTHERSERS FROTHERSES FROTHERSS FROTHES FROTHS FROTHSER FROTHSERS FROTHSES FROTHSS SHOFROTH SHOFROTHER SHOFROTHERS SHOFROTHES SHOFROTHS
2026-09-15,U,EFIRST,FRUIT FRUITER FRUITERER FRUITERERS FRUITERES FRUITERS FRUITERSER FRUITERSERS FRUITERSES FRUITERSS FRUITES FRUITIER FRUITIERER FRUITIERERS FRUITIERES FRUITIERS FRUITS FRUITSER FRUITSERS FRUITSES FRUITSS
2026-09-16,C,ADELNS,ALEC ALECED ALECES ALECS ALECSED ALECSES ALECSS CALENDAL CALENDALED CALENDALES CALENDALS CALENDS CALENDSED CALENDSES CALENDSS CALESA CALESAED CALESAES CALESAS CALESASED CALESASES CALESASS CALL CALLED CALLES CALLS CANALED CANALEDED CANALEDES CANALEDS DECANAL DECANALED DECANALES DECANALS DECANE DECANEED DECANEES DECANES DECANESED DECANESES DECANESS SCALE SCALED SCALEDED SCALEDES SCALEDS SCALEED SCALEES SCALENE SCALENEED SCALENEES SCALENES SCALES SCALESED SCALESES SCALESS
2026-09-17,I,DEKNRS,DRIER DRIERED DRIERER DRIERERS DRIERES DRIERS DRINK DRINKED DRINKER DRINKERED DRINKERER DRINKERERS DRINKERES DRINKERS DRINKERSED DRINKERSER DRINKERSERS DRINKERSES DRINKERSS DRINKES DRINKS DRINKSED DRINKSER DRINKSERS DRINKSES DRINKSS RINSE RINSEED RINSEER RINSEERS RINSEES RINSES
2026-09-18,I,EHKRSW,SHERRIES SHERRIESER SHERRIESERS SHERRIESES SHERRIESS WHISK WHISKER WHISKERER WHISKERERS WHISKERES WHISKERS WHISKERSER WHISKERSERS WHISKERSES WHISKERSS WHISKES WHISKIES WHISKIESER WHISKIESERS WHISKIESES WHISKIESS WHISKS WHISKSER WHISKSERS WHISKSES WHISKSS
2026-09-19,X,EOPRST,EXPORT EXPORTER EXPORTERER EXPORTERERS EXPORTERES EXPORTERS EXPORTES EXPORTS EXPORTSER EXPORTSERS EXPORTSES EXPORTSS EXPRESS EXPRESSER EXPRESSERS EXPRESSES EXPRESSS REEXPORT REEXPORTER REEXPORTERS REEXPORTES REEXPORTS
2026-09-20,E,ACDLNR,ALEC ALECED ALECER ALEE ALEEED ALEEER ANNEALED ANNEALEDED ANNEALEDER ANNEALER ANNEALERED ANNEALERER CALENDAL CALENDALED CALENDALER CALENDAR CALENDARED CALENDARER CALENDER CALENDERED CALENDERER CALLED CALLER CANALED CANALEDED CANALEDER CELLAR CELLARED CELLAREDED CELLAREDER CELLARER CELLARERED CELLARERER CRAALED CRAALEDED CRAALEDER DALE DALEED DALEER DEALER DEALERED DEALERER DECANAL DECANALED DECANALER DECANE DECANEED DECANEER NALED NALEDED NALEDER RALE RALEED RALEER REALER REALERED REALERER
2026-09-21,I,ABCDEL,ACID ACIDABLE ACIDED ACIDIC ACIDICABLE ACIDICED BICE BICEABLE BICEED CADDICE CADDICEABLE CADDICEED CICALE CICALEABLE CICALEED CILICE CILICEABLE CILICEED DEICE DEICEABLE DEICED DEICEDABLE DEICEDED DEICEED DIACID DIACIDABLE DIACIDED DIACIDIC DIACIDICABLE DIACIDICED DIALED DIALEDABLE DIALEDED DICE DICEABLE DICED DICEDABLE DICEDED DICEED ICED ICEDABLE ICEDED LICE LICEABLE LICEED
2026-09-22,U,DEGINR,DRUDGING DRUDGINGED DRUDGINGER DRUDGINGING DRUGGING DRUGGINGED DRUGGINGER DRUGGINGING DUNGING DUNGINGED DUNGINGER DUNGINGING GRUDGING GRUDGINGED GRUDGINGER GRUDGINGING GURGING GURGINGED GURGINGER GURGINGING NUDGING NUDGINGED NUDGINGER NUDGINGING RUGGING RUGGINGED RUGGINGER RUGGINGING URGING URGINGED URGINGER URGINGING
2026-09-23,U,EIPRST,STIRRUP STIRRUPER STIRRUPERS STIRRUPES STIRRUPS STIRRUPSER STIRRUPSERS STIRRUPSES STIRRUPSS UPSTIR UPSTIRER UPSTIRERS UPSTIRES UPSTIRS UPSTIRSER UPSTIRSERS UPSTIRSES UPSTIRSS
2026-09-24,D,EINSTW,DEWINESS DEWINESSED DEWINESSES DEWINESSS DWINE DWINED DWINEDED DWINEDES DWINEDS DWINEED DWINEES DWINES DWINESED DWINESES DWINESS ENTWINED ENTWINEDED ENTWINEDES ENTWINEDS ENTWINEED ENTWINESED INTWINED INTWINEDED INTWINEDES INTWINEDS INTWINEED INTWINESED STEINED STEINSED SWEETED SWEETENED SWEETENSED SWEETESTED SWEETIEED SWEETIESED SWEETNESSED SWEETSED SWINEED TINSED TWINED TWINEDED TWINEDES TWINEDS TWINEED TWINESED TWISTED TWISTSED WINED WINEDED WINEDES WINEDS WINEED WINESED
2026-09-25,E,ABCILM,ALEC ALECABLE ALEE ALEEABLE ALEMBIC ALEMBICABLE AMICE AMICEABLE BALE BALEABLE BEEBE BEEBEABLE BICE BICEABLE CALLABLE CICALE CICALEABLE CILICE CILICEABLE CLIME CLIMEABLE LICE LICEABLE LIME LIMEABLE MALE MALEABLE MALICE MALICEABLE MICE MICEABLE MICELL MICELLA MICELLAABLE MICELLABLE MICELLAE MICELLAEABLE MICELLE MICELLEABLE MILLIME MILLIMEABLE
2026-09-26,A,EGNORS,AGAR AGARER AGARERS AGARES AGARS ORANG ORANGE ORANGEER ORANGEERS ORANGEES ORANGER ORANGERS ORANGES ORANGESER ORANGESERS ORANGESES ORANGESS ORANGS ORANGSER ORANGSERS ORANGSES ORANGSS SAGE SAGEER SAGEERS SAGEES SAGES
2026-09-27,C,DEHOST,COHOST COHOSTED COHOSTEDED COHOSTEDES COHOSTEDS COHOSTES COHOSTS COHOSTSED COHOSTSES COHOSTSS SCOTCH SCOTCHED SCOTCHEDED SCOTCHEDES SCOTCHEDS SCOTCHES SCOTCHESED SCOTCHESES SCOTCHESS SCOTCHS
2026-09-28,C,EIRSTU,CITRIC CITRICER CITRICERS CITRICES CITRICS CITRUS CITRUSER CITRUSERS CITRUSES CITRUSESER CITRUSESERS CITRUSESES CITRUSESS CITRUSS ICES ICESER ICESERS ICESES ICESS RICE RICEER RICEERS RICEES RICER RICERER RICERERS RICERES RICERS RICERSER RICERSERS RICERSES RICERSS RICES RICESER RICESERS RICESES RICESS SICE SICEER SICEERS SICEES SICES SICESER SICESERS SICESES SICESS TRICE TRICEER TRICEERS TRICEES TRICES TRICESER TRICESERS TRICESES TRICESS
2026-09-29,U,ABELST,ABUBBLE ABUBBLEABLE ABUBBLEES ABUBBLES BUBALE BUBALEABLE BUBALEES BUBALES BUBALESABLE BUBALESES BUBALESS BUBBLE BUBBLEABLE BUBBLEES BUBBLES BUBBLESABLE BUBBLESES BUBBLESS SUBSALE SUBSALEABLE SUBSALEES SUBSALES SUBSALESABLE SUBSALESES SUBSALESS TABLEAU TABLEAUABLE TABLEAUES TABLEAUS TABLEAUSABLE TABLEAUSES TABLEAUSS TABU TABUABLE TABUES TABULATE TABULATEABLE TABULATEES TABULATES TABUS TABUSABLE TABUSES TABUSS
2026-09-30,F,EGINRZ,FIGGING FIGGINGER FIGGINGING FIZZ FIZZER FIZZERER FIZZERING FIZZIER FIZZIERER FIZZIERING FIZZING FIZZINGER FIZZINGING FREEZE FREEZEER FREEZEING FREEZER FREEZERER FREEZERING FREEZING FREEZINGER FREEZINGING FRIGGING FRIGGINGER FRIGGINGING FRINGING FRINGINGER FRINGINGING REFREEZE REFREEZEER REFREEZEING
2026-10-01,U,CEIJRS,JUICE JUICEER JUICEERS JUICEES JUICER JUICERER JUICERERS JUICERES JUICERS JUICERSER JUICERSERS JUICERSES JUICERSS JUICES JUICESER JUICESERS JUICESES JUICESS
2026-10-02,E,ABLOTY,ABATABLE ABATABLEABLE ABATABLEY ALEE ALEEABLE ALEEY ATABALABLE ATTABOYABLE BALE BALEABLE BALEY BEATABLE BEATABLEABLE BEATABLEY BEEBE BEEBEABLE BEEBEY BOATABLE BOATABLEABLE BOATABLEY BOOTABLE BOOTABLEABLE BOOTABLEY BOTTLE BOTTLEABLE BOTTLEY EATABLE EATABLEABLE EATABLEY OLEO OLEOABLE OLEOY TABBYABLE TABLAABLE TABLE TABLEABLE TABLET TABLETABLE TABLETY TABLEY TABOOABLE TABOOLEY TABOOLEYABLE TABOOLEYY TALE TALEABLE TALEY TELLTALE TELLTALEABLE TELLTALEY TOTABLE TOTABLEABLE TOTABLEY
2026-10-03,I,ADEMRS,AMARI AMARIED AMARIER AMARIERS AMARIES AMARIS DAISIES DAISIESED DAISIESER DAISIESERS DAISIESES DAISIESS DRIER DRIERED DRIERER DRIERERS DRIERES DRIERS MADEIRA MADEIRAED MADEIRAER MADEIRAERS MADEIRAES MADEIRAS MADEIRASED MADEIRASER MADEIRASERS MADEIRASES MADEIRASS RIMS RIMSED RIMSER RIMSERS RIMSES RIMSS SIMMER SIMMERED SIMMERER SIMMERERS SIMMERES SIMMERS
2026-10-04,R,AEFMOS,AMARO AMAROER AMAROERS AMAROES AMAROS AMAROSER AMAROSERS AMAROSES AMAROSS AROMA AROMAER AROMAERS AROMAES AROMAS AROMASER AROMASERS AROMASES AROMASS FOAMER FOAMERER FOAMERERS FOAMERES FOAMERS FOAMERSER FOAMERSERS FOAMERSES FOAMERSS FOAMSER FOAMSERS
2026-10-05,J,CEIORS,REJOICE REJOICEER REJOICEERS REJOICEES REJOICER REJOICERER REJOICERERS REJOICERES REJOICERS REJOICES REJOICESER REJOICESERS REJOICESES REJOICESS
2026-10-06,P,CEILOS,COPPICE COPPICEES COPPICES COPPICESES COPPICESS PEEL PEELES PEELS PEELSES PEELSS PICE PICEES PICES PISCO PISCOES PISCOS PISCOSES PISCOSS POLICE POLICEES POLICES POLICESES POLICESS POLLICES POLLICESES POLLICESS SIPE SIPEES SIPES SIPESES SIPESS SIPS SIPSES SIPSS SPEEL SPEELES SPEELS SPEELSES SPEELSS SPICE SPICEES SPICES SPICESES SPICESS SPLICE SPLICEES SPLICES SPLICESES SPLICESS
2026-10-07,C,EINOSV,ICES ICESES ICESS INVOICE INVOICEES INVOICES INVOICESES INVOICESS NICE NICEES NICENESS NICENESSES NICENESSS NICES NOVICE NOVICEES NOVICES NOVICESES NOVICESS SICE SICEES SICES SICESES SICESS VENICE VENICEES VENICES VICE VICEES VICES VICESES VICESS VOICE VOICEES VOICES VOICESES VOICESS
2026-10-08,U,DEPRSY,SYRUP SYRUPED SYRUPEDED SYRUPEDER SYRUPEDERS SYRUPEDES SYRUPEDS SYRUPEDY SYRUPER SYRUPERS SYRUPES SYRUPS SYRUPSED SYRUPSER SYRUPSERS SYRUPSES SYRUPSS SYRUPSY SYRUPY SYRUPYED SYRUPYER SYRUPYERS SYRUPYES SYRUPYS SYRUPYY
2026-10-09,I,EHKSWY,WHISK WHISKES WHISKEY WHISKEYES WHISKEYS WHISKEYSES WHISKEYSS WHISKEYSY WHISKEYY WHISKIES WHISKIESES WHISKIESS WHISKIESY WHISKS WHISKSES WHISKSS WHISKSY WHISKY WHISKYES WHISKYS WHISKYY
2026-10-10,D,EIMORS,DISORDER DISORDERED DISORDERER DISORDERERS DISORDERES DISORDERS DRIER DRIERED DRIERER DRIERERS DRIERES DRIERS MISORDER MISORDERED MISORDERER MISORDERERS MISORDERES MISORDERS ORDER ORDERED ORDEREDED ORDEREDER ORDEREDERS ORDEREDES ORDEREDS ORDERER ORDERERED ORDERERER ORDERERERS ORDERERES ORDERERS ORDERERSED ORDERERSER ORDERERSERS ORDERERSES ORDERERSS ORDERES ORDERS ORDERSED ORDERSER ORDERSERS ORDERSES ORDERSS REORDER REORDERED REORDERER REORDERERS REORDERES REORDERS REORDERSED REORDERSER REORDERSERS REORDERSES REORDERSS RIMSED SIMMERED
2026-10-11,I,EGOPRS,GOSSIP GOSSIPER GOSSIPERER GOSSIPERERS GOSSIPERES GOSSIPERS GOSSIPES GOSSIPS GOSSIPSER GOSSIPSERS GOSSIPSES GOSSIPSS SIPE SIPEER SIPEERS SIPEES SIPES SIPESER SIPESERS SIPESES SIPESS SIPPER SIPPERER SIPPERERS SIPPERES SIPPERS SIPPERSER SIPPERSERS SIPPERSES SIPPERSS SIPS SIPSER SIPSERS SIPSES SIPSS SPRIG SPRIGER SPRIGERS SPRIGES SPRIGS SPRIGSER SPRIGSERS SPRIGSES SPRIGSS
2026-10-12,O,CEHRST,COHOST COHOSTER COHOSTERS COHOSTES COHOSTS COHOSTSER COHOSTSERS COHOSTSES COHOSTSS HOST HOSTER HOSTERS HOSTES HOSTESS HOSTESSER HOSTESSERS HOSTESSES HOSTESSS HOSTS HOSTSER HOSTSERS HOSTSES HOSTSS SCOTCH SCOTCHER SCOTCHERS SCOTCHES SCOTCHESER SCOTCHESERS SCOTCHESES SCOTCHESS SCOTCHS
2026-10-13,O,EILMRS,OLEO OLEOER OLEOERS OLEOES OLEOS ROLL ROLLER ROLLERS ROLLES ROLLS SOMMELIER SOMMELIERER SOMMELIERERS SOMMELIERES SOMMELIERS SOMMELIERSER SOMMELIERSERS SOMMELIERSES SOMMELIERSS
2026-10-14,B,DEORSU,BEBEERU BEBEERUED BEBEERUER BEBEERUERS BEBEERUES BEBEERUS BEBEERUSED BEBEERUSER BEBEERUSERS BEBEERUSES BEBEERUSS BEEBE BEEBEED BEEBEER BEEBEERS BEEBEES BEEBES BEER BEERED BEERER BEERERS BEERES BEERS BEERSED BEERSER BEERSERS BEERSES BEERSS BORDER BORDERED BORDEREDED BORDEREDER BORDEREDERS BORDEREDES BORDEREDS BORDERER BORDERERED BORDERERER BORDERERERS BORDERERES BORDERERS BORDERES BORDERS BORDERSED BORDERSER BORDERSERS BORDERSES BORDERSS SUBORDER SUBORDERED SUBORDERER SUBORDERERS SUBORDERES SUBORDERS
2026-10-15,B,ACGINR,BAGGING BAGGINGING BANGING BANGINGING BARB BARBARIC BARBARICING BARBICAN BARBICANING BARBING BARBINGING BARCA BARCAING BARGAIN BARGAINING BARGING BARGINGING BARIC BARICING BARING BARINGING BARN BARNING BARNINGING BARRANCA BARRANCAING BARRING BARRINGING BIGGIN BIGGING BIGGINGING BIGGINING BINGING BINGINGING BRAGGING BRAGGINGING BRINGING BRINGINGING CARBARN CARBARNING CINNABAR CINNABARING
2026-10-16,I,AELSTY,LILLET LILLETES LILLETS LILLETY SALTIE SALTIEES SALTIES SALTIESES SALTIESS SALTIEST SALTIESTES SALTIESTS SALTIESTY SALTIESY SALTIEY SALTILY SALTILYES SALTILYS SALTILYY STILL STILLES STILLS STILLSES STILLSS STILLSY STILLY YEASTILY YEASTILYES YEASTILYS YEASTILYY
2026-10-17,S,EILRWZ,SWIZZLE SWIZZLEER SWIZZLEERS SWIZZLEES SWIZZLER SWIZZLERER SWIZZLERERS SWIZZLERES SWIZZLERS SWIZZLES SWIZZLESER SWIZZLESERS SWIZZLESES SWIZZLESS WELLERS WELLES WELLS
2026-10-18,B,DEGINR,BEEBE BEEBEED BEEBEER BEEBEING BEER BEERED BEERER BEERIER BEERIERED BEERIERER BEERIERING BEERING BEGGING BEGGINGED BEGGINGER BEGGINGING BEGIN BEGINED BEGINER BEGINING BEGINNER BEGINNERED BEGINNERER BEGINNERING BIGGIN BIGGINED BIGGINER BIGGING BIGGINGED BIGGINGER BIGGINGING BIGGINING BINGING BINGINGED BINGINGER BINGINGING BRIDGING BRIDGINGED BRIDGINGER BRIDGINGING BRINGING BRINGINGED BRINGINGER BRINGINGING GINGERBEER GINGERBEERED GINGERBEERER GINGERBEERING REBEGIN REBEGINED REBEGINER REBEGINING
2026-10-19,O,CELPRS,COOL COOLER COOLERER COOLERERS COOLERES COOLERS COOLERSER COOLERSERS COOLERSES COOLERSS COOLES COOLS COOLSER COOLSERS COOLSES COOLSS COOPER COOPERER COOPERERS COOPERES COOPERS OLEO OLEOER OLEOERS OLEOES OLEOS PRECOOL PRECOOLER PRECOOLERS PRECOOLES PRECOOLS PRECOOLSER PRECOOLSERS PRECOOLSES PRECOOLSS ROLL ROLLER ROLLERS ROLLES ROLLS
2026-10-20,H,GINOST,GHOST GHOSTING GHOSTINGING GHOSTINGS GHOSTS GHOSTSING GHOSTSS HINGING HINGINGING HINGINGS HOGGING HOGGINGING HOGGINGS HOST HOSTING HOSTINGING HOSTINGS HOSTS HOSTSING HOSTSS SHOGGING SHOGGINGING SHOGGINGS
2026-10-21,M,AEGINS,IMAGINE IMAGINEES IMAGINEING IMAGINES IMAGINESES IMAGINESING IMAGINESS IMAGING IMAGINGES IMAGINGING IMAGINGS IMAGINGSES IMAGINGSING IMAGINGSS MANAGING MANAGINGES MANAGINGING MANAGINGS
2026-10-22,S,GINORU,GIGGINGS GINNINGS GINNINGSING GINNINGSS GINS GINSING GINSS GONGINGS GORGINGS GOUGINGS GROGS GROGSING GROGSS GURGINGS IGGINGS NOGGINGS NOGGINGSING NOGGINGSS NOGGINS NOGGINSING NOGGINSS ORIGINS ORIGINSING ORIGINSS RIGGINGS RIGGINGSING RIGGINGSS RINGINGS RINSING RINSINGING RINSINGS ROUGINGS RUGGINGS SINGING SINGINGING SINGINGS SNOGGING SNOGGINGING SNOGGINGS SNUGGING SNUGGINGING SNUGGINGS SOUR SOURING SOURINGING SOURINGS SOURS SOURSING SOURSS SURGING SURGINGING SURGINGS URGINGS
2026-10-23,R,ABGIKN,AGAR AGARING BARB BARBING BARBINGING BARGAIN BARGAINING BARGING BARGINGING BARING BARINGING BARK BARKING BARKINGING BARN BARNING BARNINGING BARRING BARRINGING BRAGGING BRAGGINGING BRINGING BRINGINGING GARAGING GARAGINGING KABAR KABARING KBAR KBARING RAGGING RAGGINGING RAGING RAGINGING RANGING RANGINGING RIGGING RIGGINGING RINGBARK RINGBARKING RINGING RINGINGING
2026-10-24,R,AEMNOS,AMARO AMAROER AMAROERS AMAROES AMARONE AMARONEER AMARONEERS AMARONEES AMARONES AMARONESER AMARONESERS AMARONESES AMARONESS AMAROS AMAROSER AMAROSERS AMAROSES AMAROSS AROMA AROMAER AROMAERS AROMAES AROMAS AROMASER AROMASERS AROMASES AROMASS NOSEER NOSEERS
2026-10-25,C,DEMRSU,SCRUM SCRUMED SCRUMER SCRUMERS SCRUMES SCRUMMED SCRUMMEDED SCRUMMEDER SCRUMMEDERS SCRUMMEDES SCRUMMEDS SCRUMS SCRUMSED SCRUMSER SCRUMSERS SCRUMSES SCRUMSS
2026-10-26,S,AEGOPT,ATAPES ATAPS ATAPSES ATAPSS ETAPEES ETAPES ETAPESES ETAPESS GESTAPO GESTAPOES GESTAPOS GESTAPOSES GESTAPOSS SAGE SAGEES SAGES STAPES STAPESES STAPESS STEEP STEEPES STEEPEST STEEPESTES STEEPESTS STEEPS STEEPSES STEEPSS TAPAES TAPAS TAPASES TAPASS TAPEES TAPES TAPESES TAPESS TAPETAES TAPETAS TAPPETES TAPPETS TAPPETSES TAPPETSS TAPS TAPSES TAPSS TASTE TASTEES TASTES TASTESES TASTESS TOAST TOASTES TOASTS
2026-10-27,S,CGINPU,CUPPINGS CUPPINGSING CUPPINGSS CUPS CUPSING CUPSS GIGGINGS GINNINGS GINNINGSING GINNINGSS GINS GINSING GINSS IGGINGS PIGGINGS PIGGINS PIGGINSING PIGGINSS PINGINGS PUGGINGS SCUP SCUPING SCUPS SCUPSING SCUPSS SINGING SINGINGING SINGINGS SIPING SIPINGING SIPINGS SIPPING SIPPINGING SIPPINGS SIPS SIPSING SIPSS SNUGGING SNUGGINGING SNUGGINGS
2026-10-28,E,AILNSX,ALEE ALEEES ALEES ALES ALESES ALESS ALEXIA ALEXIAES ALEXIAS ALEXIASES ALEXIASS ALEXIN ALEXINE ALEXINEES ALEXINES ALEXINESES ALEXINESS ALEXINS ALEXINSES ALEXINSS ANISE ANISEES ANISES SALE SALEES SALES SALESES SALESS
2026-10-29,H,EMRSTU,THRUM THRUMER THRUMERS THRUMES THRUMMER THRUMMERER THRUMMERERS THRUMMERES THRUMMERS THRUMS THRUMSER THRUMSERS THRUMSES THRUMSS
2026-10-30,O,DEPRTX,DEPORT DEPORTED DEPORTEDED DEPORTEDER DEPORTEE DEPORTEEED DEPORTEEER DEPORTER DEPORTERED DEPORTERER EXPORT EXPORTED EXPORTEDED EXPORTEDER EXPORTER EXPORTERED EXPORTERER ORDER ORDERED ORDEREDED ORDEREDER ORDERER ORDERERED ORDERERER PORT PORTED PORTEDED PORTEDER PORTER PORTERED PORTEREDED PORTEREDER PORTERER PREORDER PREORDERED PREORDERER REEXPORT REEXPORTED REEXPORTER REORDER REORDERED REORDERER REPORT REPORTED REPORTEDED REPORTEDER REPORTER REPORTERED REPORTERER
2026-10-31,U,BCDEMR,BEBEERU BEBEERUED BEBEERUER BRUME BRUMEED BRUMEER CEREBRUM CEREBRUMED CEREBRUMER CRUMB CRUMBED CRUMBEDED CRUMBEDER CRUMBER CRUMBERED CRUMBERER CRUMBUM CRUMBUMED CRUMBUMER CUBE CUBEED CUBEER DRUM DRUMED DRUMER DRUMMED DRUMMEDED DRUMMEDER DRUMMER DRUMMERED DRUMMERER DURUM DURUMED DURUMER RUMMER RUMMERED RUMMERER
2026-11-01,N,AELMRS,ANALEMMA ANALEMMAER ANALEMMAERS ANALEMMAES ANALEMMAS ANNEALER ANNEALERER ANNEALERERS ANNEALERES ANNEALERS MALENESS MALENESSER MALENESSERS MALENESSES MALENESSS SALESMAN SALESMANER SALESMANERS SALESMANES SALESMANS SALESMEN SALESMENER SALESMENERS SALESMENES SALESMENS
2026-11-02,Y,DEOPRT,DEPORTEDY DEPORTEEY DEPORTERY DEPORTY ORDEREDY ORDERERY ORDERY PEPPERY PORTEDY PORTEREDY PORTERY PORTY PREORDERY REORDERY REPORTEDY REPORTERY REPORTY TODDY TODDYED TODDYER TODDYY
2026-11-03,D,EORSUW,ORDER ORDERED ORDEREDED ORDEREDER ORDEREDERS ORDEREDES ORDEREDS ORDERER ORDERERED ORDERERER ORDERERERS ORDERERES ORDERERS ORDERERSED ORDERERSER ORDERERSERS ORDERERSES ORDERERSS ORDERES ORDERS ORDERSED ORDERSER ORDERSERS ORDERSES ORDERSS REORDER REORDERED REORDERER REORDERERS REORDERES REORDERS REORDERSED REORDERSER REORDERSERS REORDERSES REORDERSS SOURED SOUREDED SOUREDER SOUREDERS SOUREDES SOUREDS SOURERED SOURSED SOURWOOD SOURWOODED SOURWOODER SOURWOODERS SOURWOODES SOURWOODS WOOD WOODED WOODER WOODERS WOODES WOODS
2026-11-04,D,BCEIOS,BEEBEED BICEED BICESED BODICE BODICEED BODICEES BODICES BODICESED BODICESES BODICESS CODICES CODICESED CODICESES CODICESS DEICE DEICED DEICEDED DEICEDES DEICEDS DEICEED DEICEES DEICES DEICESED DEICESES DEICESS DICE DICED DICEDED DICEDES DICEDS DICEED DICEES DICES DICESED DICESES DICESS IBICESED ICED ICEDED ICEDES ICEDS ICESED SICEED SICESED
2026-11-05,N,ABELRT,ANNEALER ANNEALERABLE ANNEALERER BALEEN BALEENABLE BALEENER BARN BARNABLE BARNER BARREN BARRENABLE BARRENER BARRENERABLE BARRENERER NEAT NEATABLE NEATER NETTABLE NETTABLEABLE NETTABLEER RENTABLE RENTABLEABLE RENTABLEER TALENT TALENTABLE TALENTER TARTAN TARTANA TARTANAABLE TARTANABLE TARTANAER TARTANER
2026-11-06,G,AENORY,AGAR AGARER AGARY GROG GROGER GROGY ORANG ORANGE ORANGEER ORANGER ORANGERY ORANGERYER ORANGERYY ORANGEY ORANGEYER ORANGEYY ORANGY ORANGYER ORANGYY
2026-11-07,A,EILMPS,ALEE ALEEES ALEES ALES ALESES ALESS APPLE APPLEES APPLES APPLESES APPLESS EMPALE EMPALEES EMPALES EMPALESES EMPALESS IMPALE IMPALEES IMPALES IMPALESES IMPALESS MALE MALEES MALES MALESES MALESS PALE PALEA PALEAE PALEAEES PALEAES PALEAL PALEALES PALEALS PALEAS PALEES PALES PALESES PALESS SALE SALEES SALEP SALEPES SALEPS SALEPSES SALEPSS SALES SALESES SALESS SPALE SPALEES SPALES SPALESES SPALESS
2026-11-08,T,CEIORS,CITRIC CITRICER CITRICERS CITRICES CITRICS CORTICES CORTICESER CORTICESERS CORTICESES CORTICESS STIR STIRER STIRERS STIRES STIRRER STIRRERER STIRRERERS STIRRERES STIRRERS STIRRERSER STIRRERSERS STIRRERSES STIRRERSS STIRS STIRSER STIRSERS STIRSES STIRSS TERROIR TERROIRER TERROIRERS TERROIRES TERROIRS TRICE TRICEER TRICEERS TRICEES TRICES TRICESER TRICESERS TRICESES TRICESS
2026-11-09,S,ELMOTU,MELTES MELTS MELTSES MELTSS OLEOES OLEOS OUTSMELL OUTSMELLES OUTSMELLS OUTSMELT OUTSMELTES OUTSMELTS SMELL SMELLES SMELLS SMELLSES SMELLSS SMELT SMELTES SMELTS SMELTSES SMELTSS STOUT STOUTES STOUTEST STOUTESTES STOUTESTS STOUTS STOUTSES STOUTSS
2026-11-10,H,ABEGRS,HERB HERBAGE HERBAGEER HERBAGEERS HERBAGEES HERBAGES HERBAGESER HERBAGESERS HERBAGESES HERBAGESS HERBER HERBERS HERBES HERBS HERBSER HERBSERS HERBSES HERBSS
2026-11-11,U,ENORST,SOUR SOURER SOURERER SOURERERS SOURERES SOURERS SOURES SOUREST SOURESTER SOURESTERS SOURESTES SOURESTS SOURNESS SOURNESSER SOURNESSERS SOURNESSES SOURNESSS SOURS SOURSER SOURSERS SOURSES SOURSS STOUT STOUTEN STOUTENER STOUTENERS STOUTENES STOUTENS STOUTENSER STOUTENSERS STOUTENSES STOUTENSS STOUTER STOUTERER STOUTERERS STOUTERES STOUTERS STOUTES STOUTEST STOUTESTER STOUTESTERS STOUTESTES STOUTESTS STOUTS STOUTSER STOUTSERS STOUTSES STOUTSS TRESSOUR TRESSOURER TRESSOURERS TRESSOURES TRESSOURS
2026-11-12,L,BEIMSU,BESLIME BESLIMEES BESLIMES BESLIMESES BESLIMESS BUBBLE BUBBLEES BUBBLES BUBBLESES BUBBLESS BUBBLIES BUBBLIESES BUBBLIESS LIME LIMEES LIMELESS LIMELESSES LIMELESSS LIMES LIMESES LIMESS MILLIME MILLIMEES MILLIMES MILLIMESES MILLIMESS SLIME SLIMEES SLIMES SLIMESES SLIMESS SMELL SMELLES SMELLS SMELLSES SMELLSS SUBLIME SUBLIMEES SUBLIMES SUBLIMESES SUBLIMESS
2026-11-13,R,ENOPSY,NOSEER NOSEERS PEPPER PEPPERER PEPPERERS PEPPERES PEPPERS PEPPERSER PEPPERSERS PEPPERSES PEPPERSS PEPPERSY PEPPERY RYES RYESER RYESERS RYESES RYESS RYESY SPOONER SPOONERS SPOONEYER SPOONEYERS SPOONEYSER SPOONEYSERS SPOONSER SPOONSERS SPOONYER SPOONYERS
2026-11-14,C,ADENST,DECANE DECANEED DECANEES DECANES DECANESED DECANESES DECANESS DECANT DECANTED DECANTEDED DECANTEDES DECANTEDS DECANTES DECANTS DECANTSED DECANTSES DECANTSS
2026-11-15,D,EGILNO,DIGGING DIGGINGED DIGGINGING DINGING DINGINGED DINGINGING DODGING DODGINGED DODGINGING DOGGING DOGGINGED DOGGINGING EDGING EDGINGED EDGINGING EGGINGED ENGINED ENGINEDED ENGINEDING ENGINEED ENGININGED GIGGINGED GINGELIED GINGELLIED GINGILIED GINGILLIED GINNED GINNEDED GINNEDING GINNINGED GONGINGED IGGINGED LEGEND LEGENDED LEGENDING LEGGINED LEGGINGED LODGING LODGINGED LODGINGING LOGGINGED LOGINED LONDON LONDONED LONDONING LONGINGED NOGGINED NOGGINGED NOODGING NOODGINGED NOODGINGING OLEOED
2026-11-16,D,AEHOPS,DASH DASHED DASHES DASHESED DASHESES DASHESS DASHS HOPED HOPEDED HOPEDES HOPEDS HOPEED HOPESED HOPHEAD HOPHEADED HOPHEADES HOPHEADS HOPHEADSED HOPHEADSES HOPHEADSS HOPPED HOPPEDED HOPPEDES HOPPEDS HOPSED SHOPED SHOPPED SHOPPEDED SHOPPEDES SHOPPEDS SHOPPEED SHOPPESED SHOPSED SODA SODAED SODAES SODAS SODASED SODASES SODASS
2026-11-17,R,ELMNOS,LEMONER LEMONERS LEMONSER LEMONSERS MELONER MELONERS MELONSER MELONSERS NOSEER NOSEERS OLEOER OLEOERS ROLL ROLLER ROLLERS ROLLES ROLLS SMELLER SMELLERER SMELLERERS SMELLERES SMELLERS SMELLERSER SMELLERSERS SMELLERSES SMELLERSS SMELLSER SMELLSERS
2026-11-18,I,AELQSU,LALIQUE LALIQUEES LALIQUES LALIQUESES LALIQUESS SILIQUA SILIQUAE SILIQUAEES SILIQUAES SILIQUAS SILIQUE SILIQUEES SILIQUES SILIQUESES SILIQUESS
2026-11-19,L,CEINST,CICELIES CICELIESES CICELIESS CILICE CILICEES CILICES CILICESES CILICESS ICELESS ICELESSES ICELESSS LENTICEL LENTICELES LENTICELS LICE LICEES LICENCE LICENCEE LICENCEEES LICENCEES LICENCES LICENCESES LICENCESS LICENSE LICENSEE LICENSEEES LICENSEES LICENSES LICENSESES LICENSESS LICENTE LICENTEES LICENTES LICES LILLET LILLETES LILLETS SCILICET SCILICETES SCILICETS SLICE SLICEES SLICES SLICESES SLICESS STILL STILLES STILLS STILLSES STILLSS
2026-11-20,Y,EHNOPS,HONEY HONEYES HONEYS HONEYSES HONEYSS HONEYSY HONEYY HOPESY HOPEY HOPPY HOPPYES HOPPYS HOPPYY HOPSY NOSEY PHONEY PHONEYES PHONEYS PHONEYSES PHONEYSS PHONEYSY PHONEYY SHOPPESY SHOPPEY SHOPSY SHOPY SPOONEY SPOONEYES SPOONEYS SPOONEYSES SPOONEYSS SPOONEYSY SPOONEYY SPOONSY SPOONY SPOONYES SPOONYS SPOONYY
2026-11-21,E,BDKMOS,BEEBE BEEBEED BEEBEES BEEBES BESMOKE BESMOKED BESMOKEDED BESMOKEDES BESMOKEDS BESMOKEED BESMOKEES BESMOKES BESMOKESED BESMOKESES BESMOKESS SMOKE SMOKED SMOKEDED SMOKEDES SMOKEDS SMOKEED SMOKEES SMOKES SMOKESED SMOKESES SMOKESS
2026-11-22,X,ACERST,EXTRA EXTRACT EXTRACTER EXTRACTERS EXTRACTES EXTRACTS EXTRACTSER EXTRACTSERS EXTRACTSES EXTRACTSS EXTRAER EXTRAERS EXTRAES EXTRAS
2026-11-23,L,CGINOS,CLINGING CLINGINGING CLINGINGS CLOGGING CLOGGINGING CLOGGINGS COLLINS COLLINSING COLLINSS COOL COOLING COOLINGING COOLINGS COOLS COOLSING COOLSS GINGILI GINGILIING GINGILIS GINGILISING GINGILISS GINGILLI GINGILLIING GINGILLIS LOGGING LOGGINGING LOGGINGS LOGGINGSING LOGGINGSS LOGIN LOGINING LOGINS LOGINSING LOGINSS LONGING LONGINGING LONGINGS LONGINGSING LONGINGSS SLING SLINGING SLINGINGING SLINGINGS SLINGS SLINGSING SLINGSS SLOGGING SLOGGINGING SLOGGINGS
2026-11-24,U,BEILRS,BEBEERU BEBEERUER BEBEERUERS BEBEERUES BEBEERUS BEBEERUSER BEBEERUSERS BEBEERUSES BEBEERUSS BUBBLE BUBBLEER BUBBLEERS BUBBLEES BUBBLER BUBBLERER BUBBLERERS BUBBLERES BUBBLERS BUBBLERSER BUBBLERSERS BUBBLERSES BUBBLERSS BUBBLES BUBBLESER BUBBLESERS BUBBLESES BUBBLESS BUBBLIER BUBBLIERER BUBBLIERERS BUBBLIERES BUBBLIERS BUBBLIES BUBBLIESER BUBBLIESERS BUBBLIESES BUBBLIESS
2026-11-25,O,ABLRST,ALLOBAR ALLOBARS ALLOBARSS BARRATOR BARRATORS BARSTOOL BARSTOOLS LOBAR LOBARS ROLL ROLLS TABOO TABOOS TABOOSS TABOR TABORS TABORSS TOAST TOASTS TOLLBAR TOLLBARS TOLLBARSS TOOLBAR TOOLBARS TOOLBARSS
2026-11-26,S,EILNVY,SYLVINE SYLVINEES SYLVINES SYLVINESES SYLVINESS SYLVINESY SYLVINEY VINEES VINES VINESES VINESS VINESY
2026-11-27,E,BDGORY,BEEBE BEEBEED BEEBEER BEEBEY BEER BEERED BEERER BEERY BEERYED BEERYER BEERYY BERRY BERRYED BERRYER BERRYY BODYED BODYER BORDER BORDERED BORDEREDED BORDEREDER BORDEREDY BORDERER BORDERERED BORDERERER BORDERERY BORDERY DOGBERRY DOGBERRYED DOGBERRYER DOGBERRYY GROGED GROGER ORDER ORDERED ORDEREDED ORDEREDER ORDEREDY ORDERER ORDERERED ORDERERER ORDERERY ORDERY REORDER REORDERED REORDERER REORDERY
2026-11-28,O,CEKRSW,CORK CORKER CORKERER CORKERERS CORKERES CORKERS CORKERSER CORKERSERS CORKERSES CORKERSS CORKES CORKS CORKSCREW CORKSCREWER CORKSCREWERS CORKSCREWES CORKSCREWS CORKSER CORKSERS CORKSES CORKSS RECORK RECORKER RECORKERS RECORKES RECORKS RECORKSER RECORKSERS RECORKSES RECORKSS ROCKS ROCKSER ROCKSERS ROCKSES ROCKSS
2026-11-29,I,ELNOSV,LOVEVINE LOVEVINEES LOVEVINES OLIVE OLIVEES OLIVES OLIVESES OLIVESS OLIVINE OLIVINEES OLIVINES OLIVINESES OLIVINESS OVINE OVINEES OVINES OVINESES OVINESS VINE VINEES VINES VINESES VINESS
2026-11-30,E,BGLOST,BEEBE BEEBEES BEEBES BOOTLEG BOOTLEGES BOOTLEGS BOTTLE BOTTLEES BOTTLES BOTTLESES BOTTLESS GELS GELSES GELSS GOBLET GOBLETES GOBLETS GOBLETSES GOBLETSS OLEO OLEOES OLEOS
2026-12-01,S,ABDELO,ALEEES ALEES ALES ALESABLE ALESED ALESES ALESS BALEDES BALEDS BALEES BALES BALESABLE BALESED BALESES BALESS BEEBEES BEEBES DALEES DALES DALESABLE DALESED DALESES DALESS OLEOES OLEOS SALE SALEABLE SALEABLEABLE SALEABLEED SALEABLEES SALEABLES SALEED SALEES SALES SALESABLE SALESED SALESES SALESS SEALED SEALEDABLE SEALEDED SEALEDES SEALEDS SODA SODAABLE SODAED SODAES SODALESS SODALESSABLE SODALESSED SODALESSES SODALESSS SODAS SODASABLE SODASED SODASES SODASS
2026-12-02,E,ABDILM,ALEE ALEEABLE ALEEED BALE BALEABLE BALED BALEDABLE BALEDED BALEED BEEBE BEEBEABLE BEEBEED DALE DALEABLE DALEED DELIME DELIMEABLE DELIMED DELIMEDABLE DELIMEDED DELIMEED DIALED DIALEDABLE DIALEDED LIME LIMEABLE LIMEADE LIMEADEABLE LIMEADEED LIMED LIMEDABLE LIMEDED LIMEED MALE MALEABLE MALEED MEAD MEADABLE MEADED MEDALED MEDALEDABLE MEDALEDED MILLIME MILLIMEABLE MILLIMEED
2026-12-03,Y,EKMORS,RYES RYESER RYESERS RYESES RYESS RYESY SMOKERSY SMOKERY SMOKESY SMOKEY SMOKEYER SMOKEYERS SMOKEYES SMOKEYS SMOKEYY SMOKY SMOKYER SMOKYERS SMOKYES SMOKYS SMOKYY
2026-12-04,F,ADERTY,DRAFT DRAFTED DRAFTEDED DRAFTEDER DRAFTEDY DRAFTEE DRAFTEEED DRAFTEEER DRAFTEEY DRAFTER DRAFTERED DRAFTERER DRAFTERY DRAFTY DRAFTYED DRAFTYER DRAFTYY REDRAFT REDRAFTED REDRAFTER REDRAFTY
2026-12-05,B,ADEHLT,ABATABLE ABATABLEABLE ABATABLEED ALEEABLE ATABAL ATABALABLE ATABALED BALE BALEABLE BALED BALEDABLE BALEDED BALEED BEATABLE BEATABLEABLE BEATABLEED BEEBE BEEBEABLE BEEBEED DALEABLE DALEDHABLE DALETHABLE DATABLE DATABLEABLE DATABLEED EATABLE EATABLEABLE EATABLEED HALEABLE HALEDABLE HATABLE HATABLEABLE HATABLEED HEALEDABLE HEATABLE HEATABLEABLE HEATABLEED TABBED TABBEDABLE TABBEDED TABLA TABLAABLE TABLAED TABLE TABLEABLE TABLED TABLEDABLE TABLEDED TABLEED TABLET TABLETABLE TABLETED TABLETEDABLE TABLETEDED TALEABLE TELLTALEABLE
2026-12-06,M,AEFLRS,FEMALE FEMALEER FEMALEERS FEMALEES FEMALES FEMALESER FEMALESERS FEMALESES FEMALESS FLAME FLAMEER FLAMEERS FLAMEES FLAMES MALE MALEER MALEERS MALEES MALES MALESER MALESERS MALESES MALESS MARSALA MARSALAER MARSALAERS MARSALAES MARSALAS SMELL SMELLER SMELLERER SMELLERERS SMELLERES SMELLERS SMELLERSER SMELLERSERS SMELLERSES SMELLERSS SMELLES SMELLS SMELLSER SMELLSERS SMELLSES SMELLSS
2026-12-07,N,ABCDEL,ANNEALED ANNEALEDABLE ANNEALEDED BALANCE BALANCEABLE BALANCEED BALEEN BALEENABLE BALEENED BLEND BLENDABLE BLENDE BLENDEABLE BLENDED BLENDEDABLE BLENDEDED BLENDEED CALENDAL CALENDALABLE CALENDALED CANALED CANALEDABLE CANALEDED DECANAL DECANALABLE DECANALED DECANE DECANEABLE DECANEED NALED NALEDABLE NALEDED
2026-12-08,I,CNOSTY,ISOTONIC ISOTONICS ISOTONICY NONTONIC NONTONICS NONTONICY SYNTONIC SYNTONICS SYNTONICY TINS TINSS TINSY TONIC TONICITY TONICITYS TONICITYY TONICS TONICSS TONICSY TONICY
2026-12-09,P,AENOST,ATAP ATAPES ATAPS ATAPSES ATAPSS ETAPE ETAPEES ETAPES ETAPESES ETAPESS SPOON SPOONES SPOONS SPOONSES SPOONSS STAPES STAPESES STAPESS STEEP STEEPEN STEEPENES STEEPENS STEEPENSES STEEPENSS STEEPES STEEPEST STEEPESTES STEEPESTS STEEPS STEEPSES STEEPSS TAPA TAPAES TAPAS TAPASES TAPASS TAPE TAPEES TAPES TAPESES TAPESS TAPETA TAPETAES TAPETAS TAPPET TAPPETES TAPPETS TAPPETSES TAPPETSS TAPS TAPSES TAPSS TEASPOON TEASPOONES TEASPOONS
2026-12-10,B,EGINRW,BEEBE BEEBEER BEEBEING BEER BEERER BEERIER BEERIERER BEERIERING BEERING BEGGING BEGGINGER BEGGINGING BEGIN BEGINER BEGINING BEGINNER BEGINNERER BEGINNERING BIGGIN BIGGINER BIGGING BIGGINGER BIGGINGING BIGGINING BINGING BINGINGER BINGINGING BREW BREWER BREWERER BREWERING BREWING BREWINGER BREWINGING BRINGING BRINGINGER BRINGINGING GINGERBEER GINGERBEERER GINGERBEERING REBEGIN REBEGINER REBEGINING
2026-12-11,A,EGIRSU,AGAR AGARER AGARERS AGARES AGARS SAGE SAGEER SAGEERS SAGEES SAGES SUGAR SUGARER SUGARERER SUGARERERS SUGARERES SUGARERS SUGARERSER SUGARERSERS SUGARERSES SUGARERSS SUGARES SUGARIER SUGARIERER SUGARIERERS SUGARIERES SUGARIERS SUGARS SUGARSER SUGARSERS SUGARSES SUGARSS
2026-12-12,O,ACDEIS,ACIDOSES ACIDOSESED ACIDOSESES ACIDOSESS ACIDOSIS ACIDOSISED ACIDOSISES ACIDOSISS CODICES CODICESED CODICESES CODICESS SODA SODAED SODAES SODAS SODASED SODASES SODASS
2026-12-13,T,AEIKLS,LILLET LILLETES LILLETS SALT SALTES SALTEST SALTESTES SALTESTS SALTIE SALTIEES SALTIES SALTIESES SALTIESS SALTIEST SALTIESTES SALTIESTS SALTLESS SALTLESSES SALTLESSS SALTLIKE SALTLIKEES SALTLIKES SALTS SALTSES SALTSS STALE STALEES STALES STALESES STALESS STALEST STALESTES STALESTS STILL STILLES STILLS STILLSES STILLSS TALE TALEES TALES TALESES TALESS TASTE TASTEES TASTES TASTESES TASTESS TELLTALE TELLTALEES TELLTALES TIKI TIKIES TIKIS
2026-12-14,E,BHLOPS,BEEBE BEEBEES BEEBES BELLHOP BELLHOPES BELLHOPS BELLHOPSES BELLHOPSS HOPE HOPEES HOPELESS HOPELESSES HOPELESSS HOPES HOPESES HOPESS HOPPLE HOPPLEES HOPPLES HOPPLESES HOPPLESS HOPSES OLEO OLEOES OLEOS PEEL PEELES PEELS PEELSES PEELSS SHOPES SHOPPE SHOPPEES SHOPPES SHOPPESES SHOPPESS SHOPSES SPEEL SPEELES SPEELS SPEELSES SPEELSS
2026-12-15,A,CDEIPR,ACID ACIDED ACIDER ACIDIC ACIDICED ACIDICER CADDICE CADDICEED CADDICEER CAPRICE CAPRICEED CAPRICEER DIACID DIACIDED DIACIDER DIACIDIC DIACIDICED DIACIDICER EPICEDIA EPICEDIAED EPICEDIAER ICECAP ICECAPED ICECAPER PERACID PERACIDED PERACIDER RICERCAR RICERCARED RICERCARER
2026-12-16,N,CDEIOR,CICERONE CICERONEED CICERONEER CICERONI CICERONIED CICERONIER CORNICE CORNICED CORNICEDED CORNICEDER CORNICEED CORNICEER NICE NICEED NICEER NICER NICERED NICERER
2026-12-17,S,BDEMOR,BEEBEERS BEEBEES BEEBES BEERERS BEERES BEERS BEERSED BEERSER BEERSERS BEERSES BEERSS BORDEREDERS BORDEREDES BORDEREDS BORDERERERS BORDERERES BORDERERS BORDERES BORDERS BORDERSED BORDERSER BORDERSERS BORDERSES BORDERSS EMBORDERERS EMBORDERES EMBORDERS ORDEREDERS ORDEREDES ORDEREDS ORDERERERS ORDERERES ORDERERS ORDERERSED ORDERERSER ORDERERSERS ORDERERSES ORDERERSS ORDERES ORDERS ORDERSED ORDERSER ORDERSERS ORDERSES ORDERSS REORDERERS REORDERES REORDERS REORDERSED REORDERSER REORDERSERS REORDERSES REORDERSS
2026-12-18,I,ADENST,ANISE ANISEED ANISEES ANISES ANISETTE ANISETTEED ANISETTEES ANISETTES DAISIES DAISIESED DAISIESES DAISIESS DISTASTE DISTASTEED DISTASTEES DISTASTES STEIN STEINED STEINES STEINS STEINSED STEINSES STEINSS TANNIN TANNINED TANNINES TANNINS TANNINSED TANNINSES TANNINSS TINS TINSED TINSES TINSS TISANE TISANEED TISANEES TISANES TISANESED TISANESES TISANESS
2026-12-19,C,ADEHRS,CACHACA CACHACAED CACHACAER CACHACAERS CACHACAES CACHACAS CHAR CHARED CHARER CHARERS CHARES CHARRED CHARREDED CHARREDER CHARREDERS CHARREDES CHARREDS CHARS CHASER CHASERED CHASERER CHASERERS CHASERES CHASERS CHASERSED CHASERSER CHASERSERS CHASERSES CHASERSS
2026-12-20,E,DIMNRT,DRIER DRIERED DRIERER MINTED MINTEDED MINTEDER MINTER MINTERED MINTERER MINTIER MINTIERED MINTIERER REMINT REMINTED REMINTEDED REMINTEDER REMINTER
2026-12-21,A,EFGILN,AGIN AGING AGINGING AGINING ALEE ALEEING ALEF ALEFING ALGIN ALGINING ALLEGING ALLEGINGING ANGINA ANGINAING ANGINAL ANGINALING ENGAGING ENGAGINGING FAGGING FAGGINGING FAGIN FAGINING FINALE FINALEING FLAGGING FLAGGINGING FLANGING FLANGINGING GAGGING GAGGINGING GAGING GAGINGING GALE GALEA GALEAE GALEAEING GALEAING GALEING GALENA GALENAING GANGING GANGINGING GINGAL GINGALING GINGALL GINGALLING LAGGING LAGGINGING LEAF LEAFING NAGGING NAGGINGING
2026-12-22,E,AGKMRS,AGARER AGARERS AGARES KEGGER KEGGERER KEGGERERS KEGGERES KEGGERS KEGGERSER KEGGERSERS KEGGERSES KEGGERSS KEGS KEGSER KEGSERS KEGSES KEGSS MASKEG MASKEGER MASKEGERS MASKEGES MASKEGS MASKEGSER MASKEGSERS MASKEGSES MASKEGSS SAGE SAGEER SAGEERS SAGEES SAGES SKEG SKEGER SKEGERS SKEGES SKEGS SKEGSER SKEGSERS SKEGSES SKEGSS
2026-12-23,Y,CEIRSV,CERVICESY CREVICESY CREVICEY ICESY RESERVERY RESERVESY RESERVEY RICERSY RICERY RICESY RICEY RYES RYESER RYESERS RYESES RYESS RYESY SERVERSY SERVERY SERVESY SERVEY SERVICERY SERVICESY SERVICEY SICESY SICEY VICESY VICEY
2026-12-24,I,ABELPT,BITABLE BITABLEABLE LILLET LILLETABLE PITAPAT PITAPATABLE TILTABLE TILTABLEABLE TIPI TIPIABLE TIPPABLE TIPPABLEABLE TIPPET TIPPETABLE TIPPLE TIPPLEABLE
2026-12-25,E,CIKRSY,ICES ICESER ICESERS ICESES ICESS ICESY RICE RICEER RICEERS RICEES RICER RICERER RICERERS RICERES RICERS RICERSER RICERSERS RICERSES RICERSS RICERSY RICERY RICES RICESER RICESERS RICESES RICESS RICESY RICEY RICKEY RICKEYER RICKEYERS RICKEYES RICKEYS RICKEYY RYES RYESER RYESERS RYESES RYESS RYESY SICE SICEER SICEERS SICEES SICES SICESER SICESERS SICESES SICESS SICESY SICEY
2026-12-26,Y,AELOST,ALEEY ALESY LOYALEST LOYALESTES LOYALESTS LOYALESTY OLEOY SALESY SALEY SALTESTY SALTLESSY SALTSY SALTY SALTYES SALTYS SALTYY STALELY STALELYES STALELYS STALELYY STALESTY STALESY STALEY TALESY TALEY TASTESY TASTEY TELLTALEY TOASTY YEAST YEASTES YEASTS YEASTSES YEASTSS YEASTSY YEASTY YEASTYES YEASTYS YEASTYY
2026-12-27,H,ABERSU,HERB HERBER HERBERS HERBES HERBS HERBSER HERBSERS HERBSES HERBSS RHUBARB RHUBARBER RHUBARBERS RHUBARBES RHUBARBS RHUBARBSER RHUBARBSERS RHUBARBSES RHUBARBSS SHRUB SHRUBER SHRUBERS SHRUBES SHRUBS SHRUBSER SHRUBSERS SHRUBSES SHRUBSS
2026-12-28,B,DEILMS,BEEBE BEEBEED BEEBEES BEEBES BESLIME BESLIMED BESLIMEDED BESLIMEDES BESLIMEDS BESLIMEED BESLIMEES BESLIMES BESLIMESED BESLIMESES BESLIMESS
2026-12-29,S,CEILUY,CICELIES CICELIESES CICELIESS CICELIESY CICELYES CICELYS CILICEES CILICES CILICESES CILICESS CILICESY CULICES CULICESES CULICESS CULICESY CYLICES CYLICESES CYLICESS CYLICESY ICELESS ICELESSES ICELESSS ICELESSY ICES ICESES ICESS ICESY LICEES LICES SICE SICEES SICES SICESES SICESS SICESY SICEY SLICE SLICEES SLICES SLICESES SLICESS SLICESY SLICEY SLUICE SLUICEES SLUICES SLUICESES SLUICESS SLUICESY SLUICEY
2026-12-30,D,ELMRUY,DRUM DRUMED DRUMER DRUMLY DRUMLYED DRUMLYER DRUMLYY DRUMMED DRUMMEDED DRUMMEDER DRUMMEDY DRUMMER DRUMMERED DRUMMERER DRUMMERY DRUMY DURUM DURUMED DURUMER DURUMY MUDDLE MUDDLED MUDDLEDED MUDDLEDER MUDDLEDY MUDDLEED MUDDLEER MUDDLER MUDDLERED MUDDLERER MUDDLERY MUDDLEY MUDDLY MUDDLYED MUDDLYER MUDDLYY RUMMERED RUMMYED
2026-12-31,S,DEHLOT,HOST HOSTED HOSTEDED HOSTEDES HOSTEDS HOSTEL HOSTELED HOSTELEDED HOSTELEDES HOSTELEDS HOSTELES HOSTELS HOSTELSED HOSTELSES HOSTELSS HOSTES HOSTESS HOSTESSED HOSTESSES HOSTESSS HOSTS HOSTSED HOSTSES HOSTSS OLEOES OLEOS
2027-01-01,U,CEILRS,CULICES CULICESER CULICESERS CULICESES CULICESS SLUICE SLUICEER SLUICEERS SLUICEES SLUICES SLUICESER SLUICESERS SLUICESES SLUICESS
2027-01-02,O,AERSTU,OUTSTART OUTSTARTER OUTSTARTERS OUTSTARTES OUTSTARTS SOUR SOURER SOURERER SOURERERS SOURERES SOURERS SOURES SOUREST SOURESTER SOURESTERS SOURESTES SOURESTS SOURS SOURSER SOURSERS SOURSES SOURSS STOUT STOUTER STOUTERER STOUTERERS STOUTERES STOUTERS STOUTES STOUTEST STOUTESTER STOUTESTERS STOUTESTES STOUTESTS STOUTS STOUTSER STOUTSERS STOUTSES STOUTSS TOAST TOASTER TOASTERS TOASTES TOASTS TRESSOUR TRESSOURER TRESSOURERS TRESSOURES TRESSOURS
2027-01-03,Y,EGMRSU,GRUMESY GRUMEY GRUMMERY GRUMY MUGGEESY MUGGEEY MUGGERSY MUGGERY MUGGSY MUGGURSY MUGGURY MUGGY MUGGYER MUGGYERS MUGGYES MUGGYS MUGGYY MUGSY RUMMERSY RUMMERY RUMMY RUMMYER RUMMYERS RUMMYES RUMMYS RUMMYY RUMSY RYES RYESER RYESERS RYESES RYESS RYESY SERUMSY SERUMY SMUGGERY SMUGY
2027-01-04,Y,AEORSV,RESERVERY RESERVESY RESERVEY RYES RYESER RYESERS RYESES RYESS RYESY SAVORY SAVORYER SAVORYERS SAVORYES SAVORYS SAVORYY SAVOY SAVOYER SAVOYERS SAVOYES SAVOYS SAVOYY SERVERSY SERVERY SERVESY SERVEY
2027-01-05,E,DILQSU,ILLIQUIDED ILLIQUIDES LIQUIDED LIQUIDES LIQUIDSED LIQUIDSES SILIQUE SILIQUEED SILIQUEES SILIQUES SILIQUESED SILIQUESES SILIQUESS
2027-01-06,E,AFLMOS,ALEE ALEEES ALEES ALEF ALEFES ALEFS ALEFSES ALEFSS ALES ALESES ALESS FEMALE FEMALEES FEMALES FEMALESES FEMALESS FLAME FLAMEES FLAMES FOAMES FOAMLESS FOAMLESSES FOAMLESSS FOAMSES LEAF LEAFES LEAFS MALE MALEES MALES MALESES MALESS MOLASSES MOLASSESES MOLASSESS OLEO OLEOES OLEOS SALE SALEES SALES SALESES SALESS SMELL SMELLES SMELLS SMELLSES SMELLSS
2027-01-07,C,EHILRY,CHERRY CHERRYER CHERRYY CHICER CHICERER CHICERY CHILL CHILLER CHILLERER CHILLERY CHILLI CHILLIER CHILLIERER CHILLIERY CHILLILY CHILLILYER CHILLILYY CHILLIY CHILLY CHILLYER CHILLYY CICELY CICELYER CICELYY CILICE CILICEER CILICEY LICE LICEER LICEY RICE RICEER RICER RICERER RICERY RICEY
2027-01-08,N,ABDERT,BARN BARNED BARNEDED BARNEDER BARNER BARREN BARRENED BARRENER BARRENERED BARRENERER BARTEND BARTENDED BARTENDER BARTENDERED BARTENDERER NEAT NEATED NEATER TARTAN TARTANA TARTANAED TARTANAER TARTANED TARTANER
2027-01-09,U,ADELQS,EQUALED EQUALEDED EQUALEDES EQUALEDS QUALE QUALEED QUALEES QUALES SQUEALED SQUEALEDED SQUEALEDES SQUEALEDS
2027-01-10,S,AGINOU,AGINGS AGINGSING AGINGSS AGINS ANGINAS ANGINASING ANGINASS ANGINOUS ANGINOUSING ANGINOUSS GAGGINGS GAGINGS GANGINGS GAUGINGS GIGGINGS GINNINGS GINNINGSING GINNINGSS GINS GINSING GINSS GONGINGS GOUGINGS IGGINGS NAGGINGS NOGGINGS NOGGINGSING NOGGINGSS NOGGINS NOGGINSING NOGGINSS SAGGING SAGGINGING SAGGINGS SINGING SINGINGING SINGINGS SNAGGING SNAGGINGING SNAGGINGS SNOGGING SNOGGINGING SNOGGINGS SNUGGING SNUGGINGING SNUGGINGS UNAGINGS
2027-01-11,L,EGINOR,GINGELI GINGELIER GINGELIING GINGELLI GINGELLIER GINGELLIING GINGILI GINGILIER GINGILIING GINGILLI GINGILLIER GINGILLIING LEGGIN LEGGINER LEGGING LEGGINGER LEGGINGING LEGGINING LOGGING LOGGINGER LOGGINGING LOGIN LOGINER LOGINING LONGING LONGINGER LONGINGING OLEO OLEOER OLEOING ROLL ROLLER ROLLING ROLLINGER ROLLINGING
2027-01-12,O,EIKMRS,SMOKE SMOKEER SMOKEERS SMOKEES SMOKER SMOKERER SMOKERERS SMOKERES SMOKERS SMOKERSER SMOKERSERS SMOKERSES SMOKERSS SMOKES SMOKESER SMOKESERS SMOKESES SMOKESS SMOKIER SMOKIERER SMOKIERERS SMOKIERES SMOKIERS
2027-01-13,O,CDEIPS,CODICES CODICESED CODICESES CODICESS COPPICE COPPICED COPPICEDED COPPICEDES COPPICEDS COPPICEED COPPICEES COPPICES COPPICESED COPPICESES COPPICESS PISCO PISCOED PISCOES PISCOS PISCOSED PISCOSES PISCOSS
2027-01-14,D,CEGINV,DEICE DEICED DEICEDED DEICEDING DEICEED DEICEING DEVICE DEVICEED DEVICEING DICE DICED DICEDED DICEDING DICEED DICEING DIGGING DIGGINGED DIGGINGING DINGING DINGINGED DINGINGING DIVINE DIVINED DIVINEDED DIVINEDING DIVINEED DIVINEING EDGING EDGINGED EDGINGING EGGINGED ENGINED ENGINEDED ENGINEDING ENGINEED ENGININGED GIGGINGED GINNED GINNEDED GINNEDING GINNINGED ICED ICEDED ICEDING IGGINGED NICEED VEGGINGED VENGINGED VENICEED VICED VICEDED VICEDING VICEED VINED VINEDED VINEDING VINEED
2027-01-15,M,DEILRU,DELIME DELIMED DELIMEDED DELIMEDER DELIMEED DELIMEER DRUM DRUMED DRUMER DRUMLIER DRUMLIERED DRUMLIERER DRUMMED DRUMMEDED DRUMMEDER DRUMMER DRUMMERED DRUMMERER DURUM DURUMED DURUMER LIME LIMED LIMEDED LIMEDER LIMEED LIMEER MILLIME MILLIMEED MILLIMEER MUDDLE MUDDLED MUDDLEDED MUDDLEDER MUDDLEED MUDDLEER MUDDLER MUDDLERED MUDDLERER RUMMER RUMMERED RUMMERER RUMMIER RUMMIERED RUMMIERER
2027-01-16,E,ADIMOS,DAISIES DAISIESED DAISIESES DAISIESS MEAD MEADED MEADES MEADS MEADSED MEADSES MEADSS MIMOSAED MIMOSAES SODAED SODAES SODAMIDE SODAMIDEED SODAMIDEES SODAMIDES SODASED SODASES
2027-01-17,P,EINOSW,SIPE SIPEES SIPES SIPESES SIPESS SIPS SIPSES SIPSS SPOON SPOONES SPOONIES SPOONIESES SPOONIESS SPOONS SPOONSES SPOONSS WINESOP WINESOPES WINESOPS WINESOPSES WINESOPSS
2027-01-18,L,ABEGTY,ABATABLE ABATABLEABLE ABATABLEY ALEE ALEEABLE ALEEY ATABAL ATABALABLE ATABALY BALE BALEABLE BALEY BEATABLE BEATABLEABLE BEATABLEY BEEBEABLE EATABLE EATABLEABLE EATABLEY GALE GALEA GALEAABLE GALEABLE GALEAE GALEAEABLE GALEAEY GALEATE GALEATEABLE GALEATEY GALEAY GALETTE GALETTEABLE GALETTEY GALEY GETABLE GETABLEABLE GETABLEY GETTABLE GETTABLEABLE GETTABLEY TABBYABLE TABLA TABLAABLE TABLAY TABLE TABLEABLE TABLET TABLETABLE TABLETY TABLEY TALE TALEABLE TALEY TELLTALE TELLTALEABLE TELLTALEY
2027-01-19,D,EFGORS,DEGROFF DEGROFFED DEGROFFER DEGROFFERS DEGROFFES DEGROFFS GROGED GROGSED ORDER ORDERED ORDEREDED ORDEREDER ORDEREDERS ORDEREDES ORDEREDS ORDERER ORDERERED ORDERERER ORDERERERS ORDERERES ORDERERS ORDERERSED ORDERERSER ORDERERSERS ORDERERSES ORDERERSS ORDERES ORDERS ORDERSED ORDERSER ORDERSERS ORDERSES ORDERSS REORDER REORDERED REORDERER REORDERERS REORDERES REORDERS REORDERSED REORDERSER REORDERSERS REORDERSES REORDERSS
2027-01-20,K,EGMRSU,KEGGER KEGGERER KEGGERERS KEGGERES KEGGERS KEGGERSER KEGGERSERS KEGGERSES KEGGERSS KEGS KEGSER KEGSERS KEGSES KEGSS MUSKEG MUSKEGER MUSKEGERS MUSKEGES MUSKEGS MUSKEGSER MUSKEGSERS MUSKEGSES MUSKEGSS SKEG SKEGER SKEGERS SKEGES SKEGS SKEGSER SKEGSERS SKEGSES SKEGSS
2027-01-21,S,ABDEGO,AGEDES AGEDS BEEBEES BEEBES BODEGAES BODEGAS BODEGASED BODEGASES BODEGASS SAGE SAGEED SAGEES SAGES SODA SODAED SODAES SODAS SODASED SODASES SODASS
2027-01-22,E,BGINSU,BEEBE BEEBEES BEEBEING BEEBES BEGGING BEGGINGES BEGGINGING BEGGINGS BEGIN BEGINES BEGINING BEGINS BEGINSES BEGINSING BEGINSS BIGGINES BIGGINGES BIGGINGSES BIGGINSES BINGINGES BUGGINGES BUNGINGES EGGING EGGINGES EGGINGING EGGINGS ENGINE ENGINEES ENGINEING ENGINES ENGINESES ENGINESING ENGINESS ENGINING ENGININGES ENGININGING ENGININGS GIGGINGES GINNINGES GINNINGSES GINSENG GINSENGES GINSENGING GINSENGS GINSENGSES GINSENGSING GINSENGSS GINSES IGGINGES SIEGING SIEGINGES SIEGINGING SIEGINGS SINGINGES SNUGGINGES
2027-01-23,E,JLPRSU,JULEP JULEPER JULEPERS JULEPES JULEPS JULEPSER JULEPSERS JULEPSES JULEPSS PEEL PEELER PEELERER PEELERERS PEELERES PEELERS PEELERSER PEELERSERS PEELERSES PEELERSS PEELES PEELS PEELSER PEELSERS PEELSES PEELSS PEPPER PEPPERER PEPPERERS PEPPERES PEPPERS PEPPERSER PEPPERSERS PEPPERSES PEPPERSS SPEEL SPEELER SPEELERS SPEELES SPEELS SPEELSER SPEELSERS SPEELSES SPEELSS
2027-01-24,P,CDELUY,CUPEL CUPELED CUPELEDED CUPELEDY CUPELLED CUPELLEDED CUPELLEDY CUPELY CUPPED CUPPEDED CUPPEDY CUPPY CUPPYED CUPPYY CUPULE CUPULEED CUPULEY DECUPLE DECUPLED DECUPLEDED DECUPLEDY DECUPLEED DECUPLEY EYECUP EYECUPED EYECUPY PEEL PEELED PEELEDED PEELEDY PEELY
2027-01-25,N,BEORSU,BOURBON BOURBONER BOURBONERS BOURBONES BOURBONS BOURBONSER BOURBONSERS BOURBONSES BOURBONSS NOSE NOSEER NOSEERS NOSEES NOSES SOURNESS SOURNESSER SOURNESSERS SOURNESSES SOURNESSS
2027-01-26,D,BCEIPS,BEEBEED BICEED BICEPED BICEPSED BICEPSESED BICESED DEICE DEICED DEICEDED DEICEDES DEICEDS DEICEED DEICEES DEICES DEICESED DEICESES DEICESS DICE DICED DICEDED DICEDES DICEDS DICEED DICEES DICES DICESED DICESES DICESS IBICESED ICED ICEDED ICEDES ICEDS ICESED PICEED SICEED SICESED SIPED SIPEDED SIPEDES SIPEDS SIPEED SIPESED SIPPED SIPPEDED SIPPEDES SIPPEDS SIPSED SPICED SPICEDED SPICEDES SPICEDS SPICEED SPICESED
2027-01-27,A,EGINVY,AGAVE AGAVEING AGAVEY AGIN AGING AGINGING AGINGY AGINING AGINY ANGINA ANGINAING ANGINAY AVENGING AVENGINGING AVENGINGY ENGAGING ENGAGINGING ENGAGINGY GAGGING GAGGINGING GAGGINGY GAGING GAGINGING GAGINGY GANGING GANGINGING GANGINGY GINGIVA GINGIVAE GINGIVAEING GINGIVAEY GINGIVAING GINGIVAY NAGGING NAGGINGING NAGGINGY VAGINA VAGINAE VAGINAEING VAGINAEY VAGINAING VAGINAY
2027-01-28,U,BGILNY,BLUNGING BLUNGINGING BLUNGINGY BUBBLING BUBBLINGING BUBBLINGY BUBBLY BUBBLYING BUBBLYY BUGGING BUGGINGING BUGGINGY BULGING BULGINGING BULGINGY BUNGING BUNGINGING BUNGINGY GLUGGING GLUGGINGING GLUGGINGY LUGGING LUGGINGING LUGGINGY LUGING LUGINGING LUGINGY LUNGING LUNGINGING LUNGINGY
2027-01-29,F,EMPRSU,FERRUM FERRUMER FERRUMERS FERRUMES FERRUMS FERRUMSER FERRUMSERS FERRUMSES FERRUMSS FRUMP FRUMPER FRUMPERS FRUMPES FRUMPS FRUMPSER FRUMPSERS FRUMPSES FRUMPSS
2027-01-30,A,CDEHLP,ACALEPH ACALEPHE ACALEPHED ACALEPHEED ALEC ALECED ALEE ALEEED ALEPH ALEPHED APPEALED APPEALEDED APPLE APPLEED CACHACA CACHACAED CALECHE CALECHEED CALL CALLED CHALEH CHALEHED DALE DALEDH DALEDHED DALEED DAPPLE DAPPLED DAPPLEDED DAPPLEED HALE HALED HALEDED HALEED HEALED HEALEDED PALE PALEA PALEAE PALEAED PALEAEED PALEAL PALEALED PALED PALEDED PALEED PEACH PEACHED PEACHEDED PEALED PEALEDED PEDALED PEDALEDED
2027-01-31,H,AELRSU,HALE HALEER HALEERS HALEES HALER HALERER HALERERS HALERES HALERS HALERSER HALERSERS HALERSES HALERSS HALERU HALERUER HALERUERS HALERUES HALERUS HALES HALESER HALESERS HALESES HALESS HEALER HEALERER HEALERERS HEALERES HEALERS HEALERSER HEALERSERS HEALERSES HEALERSS SHALE SHALEER SHALEERS SHALEES SHALES SHALESER SHALESERS SHALESES SHALESS
2027-02-01,Y,ABGINT,AGINGY AGINY ANGINAY BAGGINGY BANGINGY BIGGINGY BIGGINY BINGINGY GAGGINGY GAGINGY GANGINGY GIGGINGY GINNINGY GINNY GINNYING GINNYY IGGINGY NAGGINGY TABBINGY TABBY TABBYING TABBYINGING TABBYINGY TABBYY TAGGINGY TANGINGY TANNINGY TANNINY TINGINGY
2027-02-02,S,ABNORY,BARBS BARBSS BARBSY BARNS BARNSS BARNSY BARNYS BARONS BARONSS BARONSY BARONYS BARS BARSS BARSY BARYONS BARYONSS BARYONSY
2027-02-03,E,ADLNSY,ALEE ALEEED ALEEES ALEES ALEEY ALES ALESED ALESES ALESS ALESY ANNEALED ANNEALEDED ANNEALEDES ANNEALEDS ANNEALEDY DALE DALEED DALEES DALES DALESED DALESES DALESS DALESY DALEY NALED NALEDED NALEDES NALEDS NALEDSED NALEDSES NALEDSS NALEDSY NALEDY SALE SALEED SALEES SALES SALESED SALESES SALESS SALESY SALEY SANDALED SANDALEDED SANDALEDES SANDALEDS SANDALEDY SEALED SEALEDED SEALEDES SEALEDS SEALEDY
2027-02-04,V,DEGINR,DIVINE DIVINED DIVINEDED DIVINEDER DIVINEDING DIVINEED DIVINEER DIVINEING DIVINER DIVINERED DIVINERER DIVINERING NERVINE NERVINEED NERVINEER NERVINEING VEGGING VEGGINGED VEGGINGER VEGGINGING VENGING VENGINGED VENGINGER VENGINGING VERGING VERGINGED VERGINGER VERGINGING VINE VINED VINEDED VINEDER VINEDING VINEED VINEER VINEING VIRGIN VIRGINED VIRGINER VIRGINING